{
  "best_metric": 0.4776409395190446,
  "best_model_checkpoint": "adapterPaths/appropriateness/checkpoint-38",
  "epoch": 1.0,
  "global_step": 38,
  "is_hyper_param_search": false,
  "is_local_process_zero": true,
  "is_world_process_zero": true,
  "log_history": [
    {
      "epoch": 1.0,
      "learning_rate": 0.0,
      "loss": 0.7047,
      "step": 38
    },
    {
      "epoch": 1.0,
      "eval_accuracy": 0.5370237239396118,
      "eval_loss": 0.6893462538719177,
      "eval_macro_f1": 0.4776409395190446,
      "eval_precision": 0.6691729694992338,
      "eval_recall": 0.5713050435681276,
      "eval_report_csv": "              precision    recall  f1-score   support\n\n           0       0.50      0.96      0.65       634\n           1       0.84      0.18      0.30       757\n\n    accuracy                           0.54      1391\n   macro avg       0.67      0.57      0.48      1391\nweighted avg       0.68      0.54      0.46      1391\n",
      "eval_report_dict": {
        "0": {
          "f1-score": 0.6537634408602151,
          "precision": 0.49592169657422513,
          "recall": 0.9589905362776026,
          "support": 634
        },
        "1": {
          "f1-score": 0.3015184381778742,
          "precision": 0.8424242424242424,
          "recall": 0.18361955085865259,
          "support": 757
        },
        "accuracy": 0.5370237239396118,
        "macro avg": {
          "f1-score": 0.4776409395190446,
          "precision": 0.6691729694992338,
          "recall": 0.5713050435681276,
          "support": 1391
        },
        "weighted avg": {
          "f1-score": 0.46206720287996195,
          "precision": 0.6844928160626961,
          "recall": 0.5370237239396118,
          "support": 1391
        }
      },
      "eval_runtime": 4.13,
      "eval_samples_per_second": 336.803,
      "eval_steps_per_second": 21.065,
      "step": 38
    }
  ],
  "max_steps": 38,
  "num_train_epochs": 1,
  "total_flos": 78419925000000.0,
  "trial_name": null,
  "trial_params": null
}
